Country Name,Country Code,Indicator Name,Indicator Code,1960,1961,1962,1963,1964,1965,1966,1967,1968,1969,1970,1971,1972,1973,1974,1975,1976,1977,1978,1979,1980,1981,1982,1983,1984,1985,1986,1987,1988,1989,1990,1991,1992,1993,1994,1995,1996,1997,1998,1999,2000,2001,2002,2003,2004,2005,2006,2007,2008,2009,2010,2011,2012,2013,2014,2015,2016,2017,2018,2019
Aruba,ABW,"Railways, passengers carried (million passenger-km)",IS.RRS.PASG.KM,,,,,,,,,,,,,,,,,,,,,,,,,,,,,,,,,,,,,,,,,,,,,,,,,,,,,,,,,,,,
Afghanistan,AFG,"Railways, passengers carried (million passenger-km)",IS.RRS.PASG.KM,,,,,,,,,,,,,,,,,,,,,,,,,,,,,,,,,,,,,,,,,,,,,,,,,,,,,,,,,,,,
Angola,AGO,"Railways, passengers carried (million passenger-km)",IS.RRS.PASG.KM,,,,,,,,,,,,,,,,,,,,,,,,,,,,,,,,,,,,,,,,,,,,,,,,,,,,,,,,,,,,
Albania,ALB,"Railways, passengers carried (million passenger-km)",IS.RRS.PASG.KM,,,,,,,,,,,,,,,,,,,,,,,,,,,,,,,,,,,,197,168,95,90,121,125,138,123,105,89,73,80,51,41,32,,,,,,,,,,
Andorra,AND,"Railways, passengers carried (million passenger-km)",IS.RRS.PASG.KM,,,,,,,,,,,,,,,,,,,,,,,,,,,,,,,,,,,,,,,,,,,,,,,,,,,,,,,,,,,,
Arab World,ARB,"Railways, passengers carried (million passenger-km)",IS.RRS.PASG.KM,,,,,,,,,,,,,,,,,,,,,,,,,,,,,,,,,,,,,,,,,,,570.76,,527.23,571.23,,,,,,,,,,,,,,
United Arab Emirates,ARE,"Railways, passengers carried (million passenger-km)",IS.RRS.PASG.KM,,,,,,,,,,,,,,,,,,,,,,,,,,,,,,,,,,,,,,,,,,,,,,,,,,,,,,,,,,,,
Argentina,ARG,"Railways, passengers carried (million passenger-km)",IS.RRS.PASG.KM,,,,,,,,,,,,,,,,,,,,,,,,,,,,,,,,,,,,,,,,,,,,,,,,,,,,,,,,,,,,
Armenia,ARM,"Railways, passengers carried (million passenger-km)",IS.RRS.PASG.KM,,,,,,,,,,,,,,,,,,,,,,,,,,,,,,,,,,,,166,84,84,52.4,46.4,46.8,48.2,48.4,41,30,26.605,27,,27,,50.1,,,,,,49.7,24.8,,
American Samoa,ASM,"Railways, passengers carried (million passenger-km)",IS.RRS.PASG.KM,,,,,,,,,,,,,,,,,,,,,,,,,,,,,,,,,,,,,,,,,,,,,,,,,,,,,,,,,,,,
Antigua and Barbuda,ATG,"Railways, passengers carried (million passenger-km)",IS.RRS.PASG.KM,,,,,,,,,,,,,,,,,,,,,,,,,,,,,,,,,,,,,,,,,,,,,,,,,,,,,,,,,,,,
Australia,AUS,"Railways, passengers carried (million passenger-km)",IS.RRS.PASG.KM,,,,,,,,,,,,,,,,,,,,,,,,,,,,,,,,,,,,994,1034,1094,1114,1155,1265,1240,1379,1347,1340,1290,1309.037933,1434.43885,1525.964702,1545.86629,1499.936536,,,,,,,,,
Austria,AUT,"Railways, passengers carried (million passenger-km)",IS.RRS.PASG.KM,,,,,,,,,,,,,,,,,,,,,,,,,,,,,,,,,,,,8526,8479,8140,7971,7997,8206,8240,8300,8150,8259,8470,8734,8925,10159,10085,10186,10300,10711,11298.8,11456.6,11537.389,147.5,12019.423,,
Azerbaijan,AZE,"Railways, passengers carried (million passenger-km)",IS.RRS.PASG.KM,,,,,,,,,,,,,,,,,,,,,,,,,,,,,,,,,,,,791,558,489,533,422,493,536.8,584.4,654,789,878,964.1,1109,1046.8,1024,917.1,660.4,591.3,591.3,612,494.7,519.135,467,468.3,
Burundi,BDI,"Railways, passengers carried (million passenger-km)",IS.RRS.PASG.KM,,,,,,,,,,,,,,,,,,,,,,,,,,,,,,,,,,,,,,,,,,,,,,,,,,,,,,,,,,,,
Belgium,BEL,"Railways, passengers carried (million passenger-km)",IS.RRS.PASG.KM,,,,,,,,,,,,,,,,,,,,,,,,,,,,,,,,,,,,6757,6788,6980,7097,7354,7732,8038,8260,8265,8676,9150,9607,9932,10403,10493,10609,10848,10856,10887,10975,11533,10025.4,10366,10710,
Benin,BEN,"Railways, passengers carried (million passenger-km)",IS.RRS.PASG.KM,,,,,,,,,,,,,,,,,,,,,,,,,,,,,,,,,,,,,118,120,112,108,,,,66,,,,,,,,,,,,,,,,
Burkina Faso,BFA,"Railways, passengers carried (million passenger-km)",IS.RRS.PASG.KM,,,,,,,,,,,,,,,,,,,,,,,,,,,,,,,,,,,,,,,,,,,,,,,,,,,,,,,,,,,,
Bangladesh,BGD,"Railways, passengers carried (million passenger-km)",IS.RRS.PASG.KM,,,,,,,,,,,,,,,,,,,,,,,,,,,,,,,,,,,,4037,3754,3753.6,3855.5,3678.3,3940.7,4209.2,3971.8,4024.2,4341.5,4164.1,,4586,5609,6801,7304,8052,8787,8253,8135,8711,10040,,,
Bulgaria,BGR,"Railways, passengers carried (million passenger-km)",IS.RRS.PASG.KM,,,,,,,,,,,,,,,,,,,,,,,,,,,,,,,,,,,,4693,5065,5886,4740,3819,3472,2990,2598,2517,2628,2388.5,2422,2423,2335,2144,2105,2067.5,1875.95,1825.92,1702.25,1552.19,1458,1437.46,1479.39,
Bahrain,BHR,"Railways, passengers carried (million passenger-km)",IS.RRS.PASG.KM,,,,,,,,,,,,,,,,,,,,,,,,,,,,,,,,,,,,,,,,,,,,,,,,,,,,,,,,,,,,
"Bahamas, The",BHS,"Railways, passengers carried (million passenger-km)",IS.RRS.PASG.KM,,,,,,,,,,,,,,,,,,,,,,,,,,,,,,,,,,,,,,,,,,,,,,,,,,,,,,,,,,,,
Bosnia and Herzegovina,BIH,"Railways, passengers carried (million passenger-km)",IS.RRS.PASG.KM,,,,,,,,,,,,,,,,,,,,,,,,,,,,,,,,,,,,63,63,40,56,51,47,53,53,55,53,57,66,68,78.301,60.915,58.921,54.311,56.681,40.032,34.291,33.473,24.083289,29.268761,30.435026,
Belarus,BLR,"Railways, passengers carried (million passenger-km)",IS.RRS.PASG.KM,,,,,,,,,,,,,,,,,,,,,,,,,,,,,,,,,,,,12505,11657,12909,13268,16874,17722,15264,14349,13308,13893,13568,9968,9368,8188,7401,7578,7941,8977,8998,7796,7117,6428,6295,6215.3,
Belize,BLZ,"Railways, passengers carried (million passenger-km)",IS.RRS.PASG.KM,,,,,,,,,,,,,,,,,,,,,,,,,,,,,,,,,,,,,,,,,,,,,,,,,,,,,,,,,,,,
Bermuda,BMU,"Railways, passengers carried (million passenger-km)",IS.RRS.PASG.KM,,,,,,,,,,,,,,,,,,,,,,,,,,,,,,,,,,,,,,,,,,,,,,,,,,,,,,,,,,,,
Bolivia,BOL,"Railways, passengers carried (million passenger-km)",IS.RRS.PASG.KM,,,,,,,,,,,,,,,,,,,,,,,,,,,,,,,,,,,,,,,,,,,,,,,,,,,,,,,,,,,,
Brazil,BRA,"Railways, passengers carried (million passenger-km)",IS.RRS.PASG.KM,,,,,,,,,,,,,,,,,,,,,,,,,,,,,,,,,,,,,,,,,,,,,,,,,,,,,,15191,15901,15877,15648,15807,,
Barbados,BRB,"Railways, passengers carried (million passenger-km)",IS.RRS.PASG.KM,,,,,,,,,,,,,,,,,,,,,,,,,,,,,,,,,,,,,,,,,,,,,,,,,,,,,,,,,,,,
Brunei Darussalam,BRN,"Railways, passengers carried (million passenger-km)",IS.RRS.PASG.KM,,,,,,,,,,,,,,,,,,,,,,,,,,,,,,,,,,,,,,,,,,,,,,,,,,,,,,,,,,,,
Bhutan,BTN,"Railways, passengers carried (million passenger-km)",IS.RRS.PASG.KM,,,,,,,,,,,,,,,,,,,,,,,,,,,,,,,,,,,,,,,,,,,,,,,,,,,,,,,,,,,,
Botswana,BWA,"Railways, passengers carried (million passenger-km)",IS.RRS.PASG.KM,,,,,,,,,,,,,,,,,,,,,,,,,,,,,,,,,,,,86,95.8,96,94,89,75,106,115,160,94,94,94,,,,,,,,,,,,,
Central African Republic,CAF,"Railways, passengers carried (million passenger-km)",IS.RRS.PASG.KM,,,,,,,,,,,,,,,,,,,,,,,,,,,,,,,,,,,,,,,,,,,,,,,,,,,,,,,,,,,,
Canada,CAN,"Railways, passengers carried (million passenger-km)",IS.RRS.PASG.KM,,,,,,,,,,,,,,,,,,,,,,,,,,,,,,,,,,,,1382.4,1435.5,1422.3,1342.9,1506.8,1520.1,1481.3,1516.5,1376.9,1365.6,1428.1,1407.3,1408,1526.6,1372.3,1346.3,1356.7,1341.8,1330.5,1300,1322.4,1380.87,1535,1596.59,
Central Europe and the Baltics,CEB,"Railways, passengers carried (million passenger-km)",IS.RRS.PASG.KM,,,,,,,,,,,,,,,,,,,,,,,,,,,,,,,,,,,,4202,3769,3095,3116,2968,2870,2805,2598,2316,1720,2166,2194,2148,2278.659318,2144,2105,2067.5,1875.95,2123.936518,2102.69,2316.7185,2325.861,2598.692,756,
Switzerland,CHE,"Railways, passengers carried (million passenger-km)",IS.RRS.PASG.KM,,,,,,,,,,,,,,,,,,,,,,,,,,,,,,,,,,,,12122,12078,12813,12903,13136,13302,11991,12735,12785,12869,14302,14863,17293.39,17607.75,16973.03987,17789.61756,18020.87578,17845,17997.9,18554.774,19177.158,19615.835,19192.78,17958.315,
Channel Islands,CHI,"Railways, passengers carried (million passenger-km)",IS.RRS.PASG.KM,,,,,,,,,,,,,,,,,,,,,,,,,,,,,,,,,,,,,,,,,,,,,,,,,,,,,,,,,,,,
Chile,CHL,"Railways, passengers carried (million passenger-km)",IS.RRS.PASG.KM,,,,,,,,,,,,,,,,,,,,,,,,,,,,,,,,,,,,689,642,550,533.9,637.19,736,870,769,829,820,,,,,,,,,,,,,,,
China,CHN,"Railways, passengers carried (million passenger-km)",IS.RRS.PASG.KM,,,,,,,,,,,,,,,,,,,,,,,,,,,,,,,,,,,,354261,332202,354353,369097,404627,441468,463655,480305,462279,551196,583320,635327,689618,777860,787890,791158,815699,795639,794062,807065,723006,695955,685213,681203,
Cote d'Ivoire,CIV,"Railways, passengers carried (million passenger-km)",IS.RRS.PASG.KM,,,,,,,,,,,,,,,,,,,,,,,,,,,,,,,,,,,,161,157.512,155,119,93.1,125.91,182,148,10,,,,,,,,,,,,,,,,
Cameroon,CMR,"Railways, passengers carried (million passenger-km)",IS.RRS.PASG.KM,,,,,,,,,,,,,,,,,,,,,,,,,,,,,,,,,,,,399,334,317,281,248.8,327.1,302.8,308.5,319,308,324,361.935,370,377.477,435.3900423,463.485,494.747,,,,,,262124,256872,
"Congo, Dem. Rep.",COD,"Railways, passengers carried (million passenger-km)",IS.RRS.PASG.KM,,,,,,,,,,,,,,,,,,,,,,,,,,,,,,,,,,,,60,146,161,143,146,188,222,160,142,140,140.4,94.1,84.844512,89.075046,34.959846,36.68416,24.649634,22.242204,30,20,16.7,28.397202,22.724,29.514,
"Congo, Rep.",COG,"Railways, passengers carried (million passenger-km)",IS.RRS.PASG.KM,,,,,,,,,,,,,,,,,,,,,,,,,,,,,,,,,,,,302,360,234.497,242,8,83.9,170.9,76,59,135,167.5,211,199,233,207,,264.56,266.47,,,,,,,
Colombia,COL,"Railways, passengers carried (million passenger-km)",IS.RRS.PASG.KM,,,,,,,,,,,,,,,,,,,,,,,,,,,,,,,,,,,,,,,,,,,,,,,,,,,,,,,,,,,,
Comoros,COM,"Railways, passengers carried (million passenger-km)",IS.RRS.PASG.KM,,,,,,,,,,,,,,,,,,,,,,,,,,,,,,,,,,,,,,,,,,,,,,,,,,,,,,,,,,,,
Cabo Verde,CPV,"Railways, passengers carried (million passenger-km)",IS.RRS.PASG.KM,,,,,,,,,,,,,,,,,,,,,,,,,,,,,,,,,,,,,,,,,,,,,,,,,,,,,,,,,,,,
Costa Rica,CRI,"Railways, passengers carried (million passenger-km)",IS.RRS.PASG.KM,,,,,,,,,,,,,,,,,,,,,,,,,,,,,,,,,,,,,,,,,,,,,,,,,,,,,,,,,,,,
Caribbean small states,CSS,"Railways, passengers carried (million passenger-km)",IS.RRS.PASG.KM,,,,,,,,,,,,,,,,,,,,,,,,,,,,,,,,,,,,,,,,,,,,,,,,,,,,,,,,,,,,
Cuba,CUB,"Railways, passengers carried (million passenger-km)",IS.RRS.PASG.KM,,,,,,,,,,,,,,,,,,,,,,,,,,,,,,,,,,,,2188.2,2159.2,1962.2,1750.4,1498.8,1853,,1681.4,2046.1,1759.5,1513.8,1233.4,1284.8,,,,,,,,,,,,
Curacao,CUW,"Railways, passengers carried (million passenger-km)",IS.RRS.PASG.KM,,,,,,,,,,,,,,,,,,,,,,,,,,,,,,,,,,,,,,,,,,,,,,,,,,,,,,,,,,,,
Cayman Islands,CYM,"Railways, passengers carried (million passenger-km)",IS.RRS.PASG.KM,,,,,,,,,,,,,,,,,,,,,,,,,,,,,,,,,,,,,,,,,,,,,,,,,,,,,,,,,,,,
Cyprus,CYP,"Railways, passengers carried (million passenger-km)",IS.RRS.PASG.KM,,,,,,,,,,,,,,,,,,,,,,,,,,,,,,,,,,,,,,,,,,,,,,,,,,,,,,,,,,,,
Czech Republic,CZE,"Railways, passengers carried (million passenger-km)",IS.RRS.PASG.KM,,,,,,,,,,,,,,,,,,,,,,,,,,,,,,,,,,,,8023,8111,7710,7001,6929,7266,7262,6562,6483,6533,6631,6887,6855,6759,6462,6553,6635,6907,6924,6952,7170,7380,7778,,
Germany,DEU,"Railways, passengers carried (million passenger-km)",IS.RRS.PASG.KM,,,,,,,,,,,,,,,,,,,,,,,,,,,,,,,,,,,,60514,61537,59628,71837,72853,74021.24,73900.2,69861,69610,69997,72497,74738.2,74676.8,76929,76772.319,78582,77567,80210,79906,79339,79257,80046,77500,79456,
Djibouti,DJI,"Railways, passengers carried (million passenger-km)",IS.RRS.PASG.KM,,,,,,,,,,,,,,,,,,,,,,,,,,,,,,,,,,,,,,,,150,145,173,127,82,,145,,,,,,,,,,,,,,
Dominica,DMA,"Railways, passengers carried (million passenger-km)",IS.RRS.PASG.KM,,,,,,,,,,,,,,,,,,,,,,,,,,,,,,,,,,,,,,,,,,,,,,,,,,,,,,,,,,,,
Denmark,DNK,"Railways, passengers carried (million passenger-km)",IS.RRS.PASG.KM,,,,,,,,,,,,,,,,,,,,,,,,,,,,,,,,,,,,4783,4621,4978,5163,5141,5343,5523.2,5541.1,5300,5401,5534,5652,5724,5843,5748,5798,5847,6013,6013,6008,6009,5884,5829,,
Dominican Republic,DOM,"Railways, passengers carried (million passenger-km)",IS.RRS.PASG.KM,,,,,,,,,,,,,,,,,,,,,,,,,,,,,,,,,,,,,,,,,,,,,,,,,,,,,,,,,,,,
Algeria,DZA,"Railways, passengers carried (million passenger-km)",IS.RRS.PASG.KM,,,,,,,,,,,,,,,,,,,,,,,,,,,,,,,,,,,,1797,1826,1360,1163,1069,1142,981,954.868,964,950,929,821,757.531,937.081,1141,1045,1040,1141,,1186,1269,1337,1550,,
East Asia & Pacific (excluding high income),EAP,"Railways, passengers carried (million passenger-km)",IS.RRS.PASG.KM,,,,,,,,,,,,,,,,,,,,,,,,,,,,,,,,,,,,1701.5,1923,1964.5,1969.5,2018.5,3200,3697,4115,4041,4163,6876.5,,,,,,,,,,,,,,
Early-demographic dividend,EAR,"Railways, passengers carried (million passenger-km)",IS.RRS.PASG.KM,,,,,,,,,,,,,,,,,,,,,,,,,,,,,,,,,,,,,,,,,,,,,,,,,,,,,,,,,,,,
East Asia & Pacific,EAS,"Railways, passengers carried (million passenger-km)",IS.RRS.PASG.KM,,,,,,,,,,,,,,,,,,,,,,,,,,,,,,,,,,,,1701.5,2476,2437,2542,3416.5,4451,4447,7235,4284,4376,9347.5,,10247,,,12338.2,,,,,,,,,
Europe & Central Asia (excluding high income),ECA,"Railways, passengers carried (million passenger-km)",IS.RRS.PASG.KM,,,,,,,,,,,,,,,,,,,,,,,,,,,,,,,,,,,,1447.5,1455.5,873.5,613.5,561.5,718,827.4,584.4,904,887,1445,964.1,1339.5,1365.9,1374.5,1364.05,1811,1811,2800.46,1811,2326,988.5675,1017.23,,
Europe & Central Asia,ECS,"Railways, passengers carried (million passenger-km)",IS.RRS.PASG.KM,,,,,,,,,,,,,,,,,,,,,,,,,,,,,,,,,,,,4693,4502,4563,4602,3819,3472,3282,3500.5,3338.5,2628,3478,3003.25879,3677.527,3814.102,3766.027,3959,3816,3738.955,4927.5,4684.812,4470.5,3835.38,4271,,
Ecuador,ECU,"Railways, passengers carried (million passenger-km)",IS.RRS.PASG.KM,,,,,,,,,,,,,,,,,,,,,,,,,,,,,,,,,,,,,,,,,,,,,,,,,,,,,,,,,,,,
"Egypt, Arab Rep.",EGY,"Railways, passengers carried (million passenger-km)",IS.RRS.PASG.KM,,,,,,,,,,,,,,,,,,,,,,,,,,,,,,,,,,,,52406,55438,60617,64860,67981,73565,46059,40837,,41046,40800,40830,,40837,,,,,,,,,,,
Euro area,EMU,"Railways, passengers carried (million passenger-km)",IS.RRS.PASG.KM,,,,,,,,,,,,,,,,,,,,,,,,,,,,,,,,,,,,4505.5,4135.5,3969.5,3989.5,3872,3518.5,3487,3500.5,3338.5,3383.5,3445,3527.225,3727.7635,3933.051,3821.0135,3971.169459,3816,3738.955,4053,7424.5,7823,3835.38,10366,10710,
Eritrea,ERI,"Railways, passengers carried (million passenger-km)",IS.RRS.PASG.KM,,,,,,,,,,,,,,,,,,,,,,,,,,,,,,,,,,,,,,,,,,,,,,,,,,,,,,,,,,,,
Spain,ESP,"Railways, passengers carried (million passenger-km)",IS.RRS.PASG.KM,,,,,,,,,,,,,,,,,,,,,,,,,,,,,,,,,,,,16354.2,16622,17657,18549.1,19303,19787,20368,20733,20608,20224,21046,21241,21243.69,23343.81,22958.6,22304,22680.056,21925.1,23352.97,24557.82,25660.34,26169.09,26990.43,27903,
Estonia,EST,"Railways, passengers carried (million passenger-km)",IS.RRS.PASG.KM,,,,,,,,,,,,,,,,,,,,,,,,,,,,,,,,,,,,421,309,262,236,238,261,183,177,182,192,248,260,273,274,250,248,243,237,,,,,,,
Ethiopia,ETH,"Railways, passengers carried (million passenger-km)",IS.RRS.PASG.KM,,,,,,,,,,,,,,,,,,,,,,,,,,,,,,,,,,,,,,,,,,,,,,,,,,,,,,,,,,,,
European Union,EUU,"Railways, passengers carried (million passenger-km)",IS.RRS.PASG.KM,,,,,,,,,,,,,,,,,,,,,,,,,,,,,,,,,,,,6219,6218,6514,6794,6835,6019,5614,6562,5300,5250.5,5673,6160,6229,5896.5,5748,5442,5761,5887,5904,6008,5654.5,5210.981,5781,,
Fragile and conflict affected situations,FCS,"Railways, passengers carried (million passenger-km)",IS.RRS.PASG.KM,,,,,,,,,,,,,,,,,,,,,,,,,,,,,,,,,,,,,,,,,,,,,,,,,,,,,,,,,,,,
Finland,FIN,"Railways, passengers carried (million passenger-km)",IS.RRS.PASG.KM,,,,,,,,,,,,,,,,,,,,,,,,,,,,,,,,,,,,3184,3254,3376,3377,3415,3405,3282,3318,3338,3352,3478,3540,3778,4052,3876,3959,3882,4035,4053,3874,4113,3868,4271,,
Fiji,FJI,"Railways, passengers carried (million passenger-km)",IS.RRS.PASG.KM,,,,,,,,,,,,,,,,,,,,,,,,,,,,,,,,,,,,,,,,,,,,,,,,,,,,,,,,,,,,
France,FRA,"Railways, passengers carried (million passenger-km)",IS.RRS.PASG.KM,,,,,,,,,,,,,,,,,,,,,,,,,,,,,,,,,,,,55501,60262,62090,64898,66944,70153,71759,74306,72942,75491,76558.80614,79482.67417,83179.33366,88284.31,87667.13,84859.53698,86052,85634,84785,83914,84682,,93276.78,,
Faroe Islands,FRO,"Railways, passengers carried (million passenger-km)",IS.RRS.PASG.KM,,,,,,,,,,,,,,,,,,,,,,,,,,,,,,,,,,,,,,,,,,,,,,,,,,,,,,,,,,,,
"Micronesia, Fed. Sts.",FSM,"Railways, passengers carried (million passenger-km)",IS.RRS.PASG.KM,,,,,,,,,,,,,,,,,,,,,,,,,,,,,,,,,,,,,,,,,,,,,,,,,,,,,,,,,,,,
Gabon,GAB,"Railways, passengers carried (million passenger-km)",IS.RRS.PASG.KM,,,,,,,,,,,,,,,,,,,,,,,,,,,,,,,,,,,,77,85,85,,87.769,94,63,97,86,92,95,76,99,95,102,111,118,127,125,109,112,127,174,,
United Kingdom,GBR,"Railways, passengers carried (million passenger-km)",IS.RRS.PASG.KM,,,,,,,,,,,,,,,,,,,,,,,,,,,,,,,,,,,,30018,32312,34924,36517.2,38721.7,39230.1,40131.7,40683.3,40633,42025.2,44036,46444.75,49584.61,51902.8672,51750.58169,53611.02476,60744.56794,58636.0637,59535.7714,65196.6782,2900,,,,
Georgia,GEO,"Railways, passengers carried (million passenger-km)",IS.RRS.PASG.KM,,,,,,,,,,,,,,,,,,,,,,,,,,,,,,,,,,,,371,380,294,397,355,453,401,401,1039,614.9,719.7,808.9,774,674.5,626,654.4,641.4,625.4,585,549.8,464.6,509,597,,
Ghana,GHA,"Railways, passengers carried (million passenger-km)",IS.RRS.PASG.KM,,,,,,,,,,,,,,,,,,,,,,,,,,,,,,,,,,,,233,211,176.77,191.87,128.79,83,,,85,,,85,,,,,,,,,,,,,
Gibraltar,GIB,"Railways, passengers carried (million passenger-km)",IS.RRS.PASG.KM,,,,,,,,,,,,,,,,,,,,,,,,,,,,,,,,,,,,,,,,,,,,,,,,,,,,,,,,,,,,
Guinea,GIN,"Railways, passengers carried (million passenger-km)",IS.RRS.PASG.KM,,,,,,,,,,,,,,,,,,,,,,,,,,,,,,,,,,,,,,,,,,,,,,,,,,,,,,,,,,,,
"Gambia, The",GMB,"Railways, passengers carried (million passenger-km)",IS.RRS.PASG.KM,,,,,,,,,,,,,,,,,,,,,,,,,,,,,,,,,,,,,,,,,,,,,,,,,,,,,,,,,,,,
Guinea-Bissau,GNB,"Railways, passengers carried (million passenger-km)",IS.RRS.PASG.KM,,,,,,,,,,,,,,,,,,,,,,,,,,,,,,,,,,,,,,,,,,,,,,,,,,,,,,,,,,,,
Equatorial Guinea,GNQ,"Railways, passengers carried (million passenger-km)",IS.RRS.PASG.KM,,,,,,,,,,,,,,,,,,,,,,,,,,,,,,,,,,,,,,,,,,,,,,,,,,,,,,,,,,,,
Greece,GRC,"Railways, passengers carried (million passenger-km)",IS.RRS.PASG.KM,,,,,,,,,,,,,,,,,,,,,,,,,,,,,,,,,,,,1568,1751,1884,1552,1583,1886,1747,1836,1574,1668,1854,1811,1930,1657,1413.2,1414,957.969,851.34,774.386,,,,,,
Grenada,GRD,"Railways, passengers carried (million passenger-km)",IS.RRS.PASG.KM,,,,,,,,,,,,,,,,,,,,,,,,,,,,,,,,,,,,,,,,,,,,,,,,,,,,,,,,,,,,
Greenland,GRL,"Railways, passengers carried (million passenger-km)",IS.RRS.PASG.KM,,,,,,,,,,,,,,,,,,,,,,,,,,,,,,,,,,,,,,,,,,,,,,,,,,,,,,,,,,,,
Guatemala,GTM,"Railways, passengers carried (million passenger-km)",IS.RRS.PASG.KM,,,,,,,,,,,,,,,,,,,,,,,,,,,,,,,,,,,,,,,,,,,,,,,,,,,,,,,,,,,,
Guam,GUM,"Railways, passengers carried (million passenger-km)",IS.RRS.PASG.KM,,,,,,,,,,,,,,,,,,,,,,,,,,,,,,,,,,,,,,,,,,,,,,,,,,,,,,,,,,,,
Guyana,GUY,"Railways, passengers carried (million passenger-km)",IS.RRS.PASG.KM,,,,,,,,,,,,,,,,,,,,,,,,,,,,,,,,,,,,,,,,,,,,,,,,,,,,,,,,,,,,
High income,HIC,"Railways, passengers carried (million passenger-km)",IS.RRS.PASG.KM,,,,,,,,,,,,,,,,,,,,,,,,,,,,,,,,,,,,4796,4621,4978,5163,5141,5343,5523.2,5541.1,5290,5100,5603.5,5906,5976.5,5896.5,6105,5798,6431,6365,6468.5,6542,6150.5,6111.5,6803.5,,
"Hong Kong SAR, China",HKG,"Railways, passengers carried (million passenger-km)",IS.RRS.PASG.KM,,,,,,,,,,,,,,,,,,,,,,,,,,,,,,,,,,,,,,,,,,,,,,,,,,,,,,,,,,,,
Honduras,HND,"Railways, passengers carried (million passenger-km)",IS.RRS.PASG.KM,,,,,,,,,,,,,,,,,,,,,,,,,,,,,,,,,,,,,,,,,,,,,,,,,,,,,,,,,,,,
Heavily indebted poor countries (HIPC),HPC,"Railways, passengers carried (million passenger-km)",IS.RRS.PASG.KM,,,,,,,,,,,,,,,,,,,,,,,,,,,,,,,,,,,,,,,,,,,,,,,,,,,,,,,,,,,,
Croatia,HRV,"Railways, passengers carried (million passenger-km)",IS.RRS.PASG.KM,,,,,,,,,,,,,,,,,,,,,,,,,,,,,,,,,,,,943,1029,981,921,943,996,1240,1195,1163,1213,1266,1362,1611,1810,1835,1742,1486,1104,858,927,951,836,745,756,
Haiti,HTI,"Railways, passengers carried (million passenger-km)",IS.RRS.PASG.KM,,,,,,,,,,,,,,,,,,,,,,,,,,,,,,,,,,,,,,,,,,,,,,,,,,,,,,,,,,,,
Hungary,HUN,"Railways, passengers carried (million passenger-km)",IS.RRS.PASG.KM,,,,,,,,,,,,,,,,,,,,,,,,,,,,,,,,,,,,6224,6411,6514,6794,6835,7052,7387,7548,7469,7380,7089,6923,6229,5896.5,5712,5442,5761,5887,5802,5789,5654.5,5690,5781,5518,
IBRD only,IBD,"Railways, passengers carried (million passenger-km)",IS.RRS.PASG.KM,,,,,,,,,,,,,,,,,,,,,,,,,,,,,,,,,,,,1836.5,1801,1674,1875,1598,1956,2019,1704.5,1586.5,1290,2270.25,2120,3659,2268,,2259.94,,,,,,,,,
IDA & IBRD total,IBT,"Railways, passengers carried (million passenger-km)",IS.RRS.PASG.KM,,,,,,,,,,,,,,,,,,,,,,,,,,,,,,,,,,,,943,693,789,571,568.595,736,,,,,,,,,,,,,,,,,,,
IDA total,IDA,"Railways, passengers carried (million passenger-km)",IS.RRS.PASG.KM,,,,,,,,,,,,,,,,,,,,,,,,,,,,,,,,,,,,,,,,,,,,,,,,,,,,,,,,,,,,
IDA blend,IDB,"Railways, passengers carried (million passenger-km)",IS.RRS.PASG.KM,,,,,,,,,,,,,,,,,,,,,,,,,,,,,,,,,,,,680,744,634,656,343,327.1,325,355,662.5,419.9125,339.5,879.95,468.2,942.75,,,1646.8735,,,,,,,,
Indonesia,IDN,"Railways, passengers carried (million passenger-km)",IS.RRS.PASG.KM,,,,,,,,,,,,,,,,,,,,,,,,,,,,,,,,,,,,,,,,,19228,18270,16329,15031,14777,14345,15579,15872,17937,19779,20340,19024,17154,16926,20396,22296,21636,25654,,
IDA only,IDX,"Railways, passengers carried (million passenger-km)",IS.RRS.PASG.KM,,,,,,,,,,,,,,,,,,,,,,,,,,,,,,,,,,,,,,,,,,,,,,,,,,,,,,,,,,,,
Isle of Man,IMN,"Railways, passengers carried (million passenger-km)",IS.RRS.PASG.KM,,,,,,,,,,,,,,,,,,,,,,,,,,,,,,,,,,,,,,,,,,,,,,,,,,,,,,,,,,,,
India,IND,"Railways, passengers carried (million passenger-km)",IS.RRS.PASG.KM,,,,,,,,,,,,,,,,,,,,,,,,,,,,,,,,,,,,319365,341999,357013,379897,403884,430666,457022,493489,515044,541208,575702,615634,694764,769956,838032,903465,978508,1046522,1046522,1140412,1147190,1143039,1149835,,
Not classified,INX,"Railways, passengers carried (million passenger-km)",IS.RRS.PASG.KM,,,,,,,,,,,,,,,,,,,,,,,,,,,,,,,,,,,,,,,,,,,,,,,,,,,,,,,,,,,,
Ireland,IRL,"Railways, passengers carried (million passenger-km)",IS.RRS.PASG.KM,,,,,,,,,,,,,,,,,,,,,,,,,,,,,,,,,,,,1291,1295,1387,1421,1458,1389,1515,1628,1601,1582,1781,1872,2007,1976,1683,1677,1638,1578,1568,1695,1916,,2122,,
"Iran, Islamic Rep.",IRN,"Railways, passengers carried (million passenger-km)",IS.RRS.PASG.KM,,,,,,,,,,,,,,,,,,,,,,,,,,,,,,,,,,,,7294,7044,6103,5631,6451,7119,8043,8582,9314,10012,11149,12549,13900,15312,16814,17611,17877,17172,17409,16272,14938,12982,13270,,
Iraq,IRQ,"Railways, passengers carried (million passenger-km)",IS.RRS.PASG.KM,,,,,,,,,,,,,,,,,,,,,,,,,,,,,,,,,,,,2198,1169,1196,821,500,379,458,570.76,,21.4,24.13,61,,53.694,,99.683,,,,,,,,,
Iceland,ISL,"Railways, passengers carried (million passenger-km)",IS.RRS.PASG.KM,,,,,,,,,,,,,,,,,,,,,,,,,,,,,,,,,,,,,,,,,,,,,,,,,,,,,,,,,,,,
Israel,ISR,"Railways, passengers carried (million passenger-km)",IS.RRS.PASG.KM,,,,,,,,,,,,,,,,,,,,,,,,,,,,,,,,,,,,267,294,346,383,529,781,961,1116,1278,1423,1617,1609,1834,1968.438,2011.480501,1986.298045,1926.928254,2117,2375,2486,2608,2644.653581,2765,,
Italy,ITA,"Railways, passengers carried (million passenger-km)",IS.RRS.PASG.KM,,,,,,,,,,,,,,,,,,,,,,,,,,,,,,,,,,,,43859,44782,43591,41392,43424,48240,47904,47177,46374,46757,47368.04784,48348.3,47217.9,46998,45590,43349.353,39368,38349,40412,41302,43230,44000,44306,39449,
Jamaica,JAM,"Railways, passengers carried (million passenger-km)",IS.RRS.PASG.KM,,,,,,,,,,,,,,,,,,,,,,,,,,,,,,,,,,,,,,,,,,,,,,,,,,,,,,,,,,,,
Jordan,JOR,"Railways, passengers carried (million passenger-km)",IS.RRS.PASG.KM,,,,,,,,,,,,,,,,,,,,,,,,,,,,,,,,,,,,,,,,,,,1.166301,1.2797,1.6,1.569,,,0.387,,503.537,,,,,,,,,
Japan,JPN,"Railways, passengers carried (million passenger-km)",IS.RRS.PASG.KM,,,,,,,,,,,,,,,,,,,,,,,,,,,,,,,,,,,,248993,251723,247652,242808,240793,240657,241133,239246,241160,242300,245957,249029,255201,253555,301599,244591,184791,253788,260014,255881,265063.322,204024.737,197253.958,1410,
Kazakhstan,KAZ,"Railways, passengers carried (million passenger-km)",IS.RRS.PASG.KM,,,,,,,,,,,,,,,,,,,,,,,,,,,,,,,,,,,,13159,14188,12801,10668,8859,10215,10384,10449,10686,11818,12129,13613,14314,14450,14860,15447.88,16595.3,18498,19125,18317,17085,18165.1,19241.2,,
Kenya,KEN,"Railways, passengers carried (million passenger-km)",IS.RRS.PASG.KM,,,,,,,,,,,,,,,,,,,,,,,,,,,,,,,,,,,,408,384,393,346.8,302,158.7,166.2,288,,226,,,109.24,,,,,,,,,,,,
Kyrgyz Republic,KGZ,"Railways, passengers carried (million passenger-km)",IS.RRS.PASG.KM,,,,,,,,,,,,,,,,,,,,,,,,,,,,,,,,,,,,87,92,93,59,31,44,50,43,50,45,,60.3,59.9,90.2,106.1,98.7,82.8,75.8,,,41,40.8,43,,
Cambodia,KHM,"Railways, passengers carried (million passenger-km)",IS.RRS.PASG.KM,,,,,,,,,,,,,,,,,,,,,,,,,,,,,,,,,,,,38.6,42,49,43,50.2,45.4,33,,45,45,45,,,,,,,,,,,,,,
Kiribati,KIR,"Railways, passengers carried (million passenger-km)",IS.RRS.PASG.KM,,,,,,,,,,,,,,,,,,,,,,,,,,,,,,,,,,,,,,,,,,,,,,,,,,,,,,,,,,,,
St. Kitts and Nevis,KNA,"Railways, passengers carried (million passenger-km)",IS.RRS.PASG.KM,,,,,,,,,,,,,,,,,,,,,,,,,,,,,,,,,,,,,,,,,,,,,,,,,,,,,,,,,,,,
"Korea, Rep.",KOR,"Railways, passengers carried (million passenger-km)",IS.RRS.PASG.KM,,,,,,,,,,,,,,,,,,,,,,,,,,,,,,,,,,,,,29580,29662,28096,28356,28097,29288,28787,28562,28641,31004,31596,31596,32026,31299,33012,21603,22112,22626,23071,23450,23747,21935,23002,
Kuwait,KWT,"Railways, passengers carried (million passenger-km)",IS.RRS.PASG.KM,,,,,,,,,,,,,,,,,,,,,,,,,,,,,,,,,,,,,,,,,,,,,,,,,,,,,,,,,,,,
Latin America & Caribbean (excluding high income),LAC,"Railways, passengers carried (million passenger-km)",IS.RRS.PASG.KM,,,,,,,,,,,,,,,,,,,,,,,,,,,,,,,,,,,,,,,,,,,,,,,,,,,,,,,,,,,,
Lao PDR,LAO,"Railways, passengers carried (million passenger-km)",IS.RRS.PASG.KM,,,,,,,,,,,,,,,,,,,,,,,,,,,,,,,,,,,,,,,,,,,,,,,,,,,,,,,,,,,,
Lebanon,LBN,"Railways, passengers carried (million passenger-km)",IS.RRS.PASG.KM,,,,,,,,,,,,,,,,,,,,,,,,,,,,,,,,,,,,,,,,,,,,,,,,,,,,,,,,,,,,
Liberia,LBR,"Railways, passengers carried (million passenger-km)",IS.RRS.PASG.KM,,,,,,,,,,,,,,,,,,,,,,,,,,,,,,,,,,,,,,,,,,,,,,,,,,,,,,,,,,,,
Libya,LBY,"Railways, passengers carried (million passenger-km)",IS.RRS.PASG.KM,,,,,,,,,,,,,,,,,,,,,,,,,,,,,,,,,,,,,,,,,,,,,,,,,,,,,,,,,,,,
St. Lucia,LCA,"Railways, passengers carried (million passenger-km)",IS.RRS.PASG.KM,,,,,,,,,,,,,,,,,,,,,,,,,,,,,,,,,,,,,,,,,,,,,,,,,,,,,,,,,,,,
Latin America & Caribbean,LCN,"Railways, passengers carried (million passenger-km)",IS.RRS.PASG.KM,,,,,,,,,,,,,,,,,,,,,,,,,,,,,,,,,,,,,,,,,,,,,,,,,,,,,,,,,,,,
Least developed countries: UN classification,LDC,"Railways, passengers carried (million passenger-km)",IS.RRS.PASG.KM,,,,,,,,,,,,,,,,,,,,,,,,,,,,,,,,,,,,,,,,,,,,,,,,,,,,,,,,,,,,
Low income,LIC,"Railways, passengers carried (million passenger-km)",IS.RRS.PASG.KM,,,,,,,,,,,,,,,,,,,,,,,,,,,,,,,,,,,,,,,,,,,,,,,,,,,,,,,,,,,,
Liechtenstein,LIE,"Railways, passengers carried (million passenger-km)",IS.RRS.PASG.KM,,,,,,,,,,,,,,,,,,,,,,,,,,,,,,,,,,,,,,,,,,,,,,,,,,,,,,,,,,,,
Sri Lanka,LKA,"Railways, passengers carried (million passenger-km)",IS.RRS.PASG.KM,,,,,,,,,,,,,,,,,,,,,,,,,,,,,,,,,,,,3321,3103,3147,3241,3104,3208,3979,4079,4258,4682,4357.6,,4767,,,,4574.19,5039.45,6257.38,,7407.39,,,,
Lower middle income,LMC,"Railways, passengers carried (million passenger-km)",IS.RRS.PASG.KM,,,,,,,,,,,,,,,,,,,,,,,,,,,,,,,,,,,,838,564,634,656,343,1070,1176.5,1073,973,1261,,,,,,,,,,,,,,,
Low & middle income,LMY,"Railways, passengers carried (million passenger-km)",IS.RRS.PASG.KM,,,,,,,,,,,,,,,,,,,,,,,,,,,,,,,,,,,,996,651,789,571,500,,,,,,,,,,,,,,,,,,,,
Lesotho,LSO,"Railways, passengers carried (million passenger-km)",IS.RRS.PASG.KM,,,,,,,,,,,,,,,,,,,,,,,,,,,,,,,,,,,,,,,,,,,,,,,,,,,,,,,,,,,,
Late-demographic dividend,LTE,"Railways, passengers carried (million passenger-km)",IS.RRS.PASG.KM,,,,,,,,,,,,,,,,,,,,,,,,,,,,,,,,,,,,1280.5,1238.5,1270.5,1266.5,1192,1220,1181,1264,1140.5,1228,1781,1288.5,1747,1446.5,1353.5,1984.114947,2454.943446,2367.422539,,,2566.4345,1729.9811,1596.2515,,
Lithuania,LTU,"Railways, passengers carried (million passenger-km)",IS.RRS.PASG.KM,,,,,,,,,,,,,,,,,,,,,,,,,,,,,,,,,,,,1130,954,842,800,745,611,533,498,432,443,428,430,409,398,357,373,389,403,391,372,361,396,,468,
Luxembourg,LUX,"Railways, passengers carried (million passenger-km)",IS.RRS.PASG.KM,,,,,,,,,,,,,,,,,,,,,,,,,,,,,,,,,,,,286,284,295,300,310,332,346,268,262,266,272,298,316,345,333,347,349,373,,366,418,418,438,443,
Latvia,LVA,"Railways, passengers carried (million passenger-km)",IS.RRS.PASG.KM,,,,,,,,,,,,,,,,,,,,,,,,,,,,,,,,,,,,1373,1182,1154,1059,984,715,706,744,762,810,894,992,983,749,756,749,741,725,729,649,49,40.2,42.3,41.5,
"Macao SAR, China",MAC,"Railways, passengers carried (million passenger-km)",IS.RRS.PASG.KM,,,,,,,,,,,,,,,,,,,,,,,,,,,,,,,,,,,,,,,,,,,,,,,,,,,,,,,,,,,,
St. Martin (French part),MAF,"Railways, passengers carried (million passenger-km)",IS.RRS.PASG.KM,,,,,,,,,,,,,,,,,,,,,,,,,,,,,,,,,,,,,,,,,,,,,,,,,,,,,,,,,,,,
Morocco,MAR,"Railways, passengers carried (million passenger-km)",IS.RRS.PASG.KM,,,,,,,,,,,,,,,,,,,,,,,,,,,,,,,,,,,,1564,1776,1856,1875,1880,1956,2019,2145,2374,2644,2987,3333,3659,3820,4190,4398,4819,5114,5397,5449,5507,5208,4923,4475,
Monaco,MCO,"Railways, passengers carried (million passenger-km)",IS.RRS.PASG.KM,,,,,,,,,,,,,,,,,,,,,,,,,,,,,,,,,,,,,,,,,,,,,,,,,,,,,,,,,,,,
Moldova,MDA,"Railways, passengers carried (million passenger-km)",IS.RRS.PASG.KM,,,,,,,,,,,,,,,,,,,,,,,,,,,,,,,,,,,,1019,882,789,656,343,315,325,355,352,346,355,471.4,468.2,485.5,422,398.9,363.1,347.2,329.8,257,181,121.5,77,,
Madagascar,MDG,"Railways, passengers carried (million passenger-km)",IS.RRS.PASG.KM,,,,,,,,,,,,,,,,,,,,,,,,,,,,,,,,,,,,57,46,49,45,30.584,24,10,10,,,,,10,,,,,,,,,,,,
Maldives,MDV,"Railways, passengers carried (million passenger-km)",IS.RRS.PASG.KM,,,,,,,,,,,,,,,,,,,,,,,,,,,,,,,,,,,,,,,,,,,,,,,,,,,,,,,,,,,,
Middle East & North Africa,MEA,"Railways, passengers carried (million passenger-km)",IS.RRS.PASG.KM,,,,,,,,,,,,,,,,,,,,,,,,,,,,,,,,,,,,1564,1169,1196,1136,1069,1142,981,1035.434,,1122,1123,1407,,1306.5105,,,,,,,,,,,
Mexico,MEX,"Railways, passengers carried (million passenger-km)",IS.RRS.PASG.KM,,,,,,,,,,,,,,,,,,,,,,,,,,,,,,,,,,,,,,,,,,,,,,,,,,,,,,,,,,,,
Marshall Islands,MHL,"Railways, passengers carried (million passenger-km)",IS.RRS.PASG.KM,,,,,,,,,,,,,,,,,,,,,,,,,,,,,,,,,,,,,,,,,,,,,,,,,,,,,,,,,,,,
Middle income,MIC,"Railways, passengers carried (million passenger-km)",IS.RRS.PASG.KM,,,,,,,,,,,,,,,,,,,,,,,,,,,,,,,,,,,,1417,1078.5,1096,1136,1069,1220,1181,1122,1039,1228,1415.4,,,,,,,,,,,,,,
North Macedonia,MKD,"Railways, passengers carried (million passenger-km)",IS.RRS.PASG.KM,,,,,,,,,,,,,,,,,,,,,,,,,,,,,,,,,,,,65,120,141,150,150,176,133,98,98,94,94,105,109,148,155,155,145,99,,,,82.811,59.15,63.232,
Mali,MLI,"Railways, passengers carried (million passenger-km)",IS.RRS.PASG.KM,,,,,,,,,,,,,,,,,,,,,,,,,,,,,,,,,,,,254.241533,189.109126,223.188014,218.1996885,210.4,201.4,208,196.3,,,,,,,,,,,,,,,,,
Malta,MLT,"Railways, passengers carried (million passenger-km)",IS.RRS.PASG.KM,,,,,,,,,,,,,,,,,,,,,,,,,,,,,,,,,,,,,,,,,,,,,,,,,,,,,,,,,,,,
Myanmar,MMR,"Railways, passengers carried (million passenger-km)",IS.RRS.PASG.KM,,,,,,,,,,,,,,,,,,,,,,,,,,,,,,,,,,,,4178,4294,3784,3948,4112,4451,4447,4804,4284,4163,,,,,,,,,,,,,,,
Middle East & North Africa (excluding high income),MNA,"Railways, passengers carried (million passenger-km)",IS.RRS.PASG.KM,,,,,,,,,,,,,,,,,,,,,,,,,,,,,,,,,,,,1797,1776,1360,1163,1192,1257,1281,1109.434,1103,1122,1123,1407,,1306.5105,,1534,,,,,,,,,
Montenegro,MNE,"Railways, passengers carried (million passenger-km)",IS.RRS.PASG.KM,,,,,,,,,,,,,,,,,,,,,,,,,,,,,,,,,,,,,,,,,,,,,164,122,108,121.881,101.127,,90.7,65.1,,73.4,76.14,80.6,83.9,59.9,67,
Mongolia,MNG,"Railways, passengers carried (million passenger-km)",IS.RRS.PASG.KM,,,,,,,,,,,,,,,,,,,,,,,,,,,,,,,,,,,,680,744,957,982,1013,1070,1072,1073,1039,1228,,1288.5,1406,1400,1008,2440,2799,2970.4,1394,1194.5,996.74,956,973,,
Northern Mariana Islands,MNP,"Railways, passengers carried (million passenger-km)",IS.RRS.PASG.KM,,,,,,,,,,,,,,,,,,,,,,,,,,,,,,,,,,,,,,,,,,,,,,,,,,,,,,,,,,,,
Mozambique,MOZ,"Railways, passengers carried (million passenger-km)",IS.RRS.PASG.KM,,,,,,,,,,,,,,,,,,,,,,,,,,,,,,,,,,,,312,326,403,155,129,142,142,138,167,,172.2,346.7,102.3,113.6,164,239.4,246.8,,,,,,,,
Mauritania,MRT,"Railways, passengers carried (million passenger-km)",IS.RRS.PASG.KM,,,,,,,,,,,,,,,,,,,,,,,,,,,,,,,,,,,,,,,,,,,,,,,,47.45,47,,,,,,,,,,,
Mauritius,MUS,"Railways, passengers carried (million passenger-km)",IS.RRS.PASG.KM,,,,,,,,,,,,,,,,,,,,,,,,,,,,,,,,,,,,,,,,,,,,,,,,,,,,,,,,,,,,
Malawi,MWI,"Railways, passengers carried (million passenger-km)",IS.RRS.PASG.KM,,,,,,,,,,,,,,,,,,,,,,,,,,,,,,,,,,,,,,,,,,,,,,,,44,,,,,,,,,,,,
Malaysia,MYS,"Railways, passengers carried (million passenger-km)",IS.RRS.PASG.KM,,,,,,,,,,,,,,,,,,,,,,,,,,,,,,,,,,,,1270,1370,1492,1397,1316,1220,1181,2256,1931,1931,2152,2120,2193,2268,2346.45,2414.88,2497,2321.3586,2497.8196,2058.5766,2051.622,2224.9622,2028.503,,
North America,NAC,"Railways, passengers carried (million passenger-km)",IS.RRS.PASG.KM,,,,,,,,,,,,,,,,,,,,,,,,,,,,,,,,,,,,5037.2,4794.25,4868.15,4955.95,5008.9,5245.05,5223.15,5034.25,5258.95,5117.3,5044.05,5056.65,5358.297,5734.835,5444.9275,5838.805,5963.35,6145.9,6145.25,6020.27925,5920.5473,5936.435,6097.4,5917.9911,
Namibia,NAM,"Railways, passengers carried (million passenger-km)",IS.RRS.PASG.KM,,,,,,,,,,,,,,,,,,,,,,,,,,,,,,,,,,,,,,,,,,,,,,,,,,,,,,,,,,,,
New Caledonia,NCL,"Railways, passengers carried (million passenger-km)",IS.RRS.PASG.KM,,,,,,,,,,,,,,,,,,,,,,,,,,,,,,,,,,,,,,,,,,,,,,,,,,,,,,,,,,,,
Niger,NER,"Railways, passengers carried (million passenger-km)",IS.RRS.PASG.KM,,,,,,,,,,,,,,,,,,,,,,,,,,,,,,,,,,,,,,,,,,,,,,,,,,,,,,,,,,,,
Nigeria,NGA,"Railways, passengers carried (million passenger-km)",IS.RRS.PASG.KM,,,,,,,,,,,,,,,,,,,,,,,,,,,,,,,,,,,,,,479,,,,,593,973,493.825,173.632,,,,,,,,,,,,,,
Nicaragua,NIC,"Railways, passengers carried (million passenger-km)",IS.RRS.PASG.KM,,,,,,,,,,,,,,,,,,,,,,,,,,,,,,,,,,,,,,,,,,,,,,,,,,,,,,,,,,,,
Netherlands,NLD,"Railways, passengers carried (million passenger-km)",IS.RRS.PASG.KM,,,,,,,,,,,,,,,,,,,,,,,,,,,,,,,,,,,,16350,14092,13875,14107,14281,14666,14392,14288,13848,14097,14730,14678,14741,15313,15400,16359,16808,17098,17018,17226,17095,17483,18277,18535,
Norway,NOR,"Railways, passengers carried (million passenger-km)",IS.RRS.PASG.KM,,,,,,,,,,,,,,,,,,,,,,,,,,,,,,,,,,,,2381,2449,2561,2590,2674,2635,2677,2477,2204,2390,2440,2492.06758,2567.354373,2705.369219,2676,2674.483947,2663.221258,2763.921012,2867,2965,3087,3266,3096,,
Nepal,NPL,"Railways, passengers carried (million passenger-km)",IS.RRS.PASG.KM,,,,,,,,,,,,,,,,,,,,,,,,,,,,,,,,,,,,,,,,,,,,,,,,,,,,,,,,,,,,
Nauru,NRU,"Railways, passengers carried (million passenger-km)",IS.RRS.PASG.KM,,,,,,,,,,,,,,,,,,,,,,,,,,,,,,,,,,,,,,,,,,,,,,,,,,,,,,,,,,,,
New Zealand,NZL,"Railways, passengers carried (million passenger-km)",IS.RRS.PASG.KM,,,,,,,,,,,,,,,,,,,,,,,,,,,,,,,,,,,,366,378,396,321,,,,,,,,,,,,,,,,,,,,,
OECD members,OED,"Railways, passengers carried (million passenger-km)",IS.RRS.PASG.KM,,,,,,,,,,,,,,,,,,,,,,,,,,,,,,,,,,,,5303,5229,5840,6160,6490.5,5925.5,5591,6051.55,5589,5282,5673,6160,6229,5896.5,5748,5798,6156.5,6189,6013,6542,6150.5,5884,6803.5,,
Oman,OMN,"Railways, passengers carried (million passenger-km)",IS.RRS.PASG.KM,,,,,,,,,,,,,,,,,,,,,,,,,,,,,,,,,,,,,,,,,,,,,,,,,,,,,,,,,,,,
Other small states,OSS,"Railways, passengers carried (million passenger-km)",IS.RRS.PASG.KM,,,,,,,,,,,,,,,,,,,,,,,,,,,,,,,,,,,,,,,,,,,,,,,,,,,,,,,,,,,,
Pakistan,PAK,"Railways, passengers carried (million passenger-km)",IS.RRS.PASG.KM,,,,,,,,,,,,,,,,,,,,,,,,,,,,,,,,,,,,17555,18905,19114,18774,18980,18495,19589,20782,22306,23045,24238,25621,26446,24731,,,20619,,,19779,20288,21201,22476,24903,
Panama,PAN,"Railways, passengers carried (million passenger-km)",IS.RRS.PASG.KM,,,,,,,,,,,,,,,,,,,,,,,,,,,,,,,,,,,,,,,,,,,,,,,,,,,,,,,,,,,,
Peru,PER,"Railways, passengers carried (million passenger-km)",IS.RRS.PASG.KM,,,,,,,,,,,,,,,,,,,,,,,,,,,,,,,,,,,,,172.48,159.19,127,,,,,,,,,,,,,,,,,,,,,
Philippines,PHL,"Railways, passengers carried (million passenger-km)",IS.RRS.PASG.KM,,,,,,,,,,,,,,,,,,,,,,,,,,,,,,,,,,,,220,123.5,214.6,247,215,123,107,93,83,83,,,,,,,,,,,342,384,,,
Palau,PLW,"Railways, passengers carried (million passenger-km)",IS.RRS.PASG.KM,,,,,,,,,,,,,,,,,,,,,,,,,,,,,,,,,,,,,,,,,,,,,,,,,,,,,,,,,,,,
Papua New Guinea,PNG,"Railways, passengers carried (million passenger-km)",IS.RRS.PASG.KM,,,,,,,,,,,,,,,,,,,,,,,,,,,,,,,,,,,,,,,,,,,,,,,,,,,,,,,,,,,,
Poland,POL,"Railways, passengers carried (million passenger-km)",IS.RRS.PASG.KM,,,,,,,,,,,,,,,,,,,,,,,,,,,,,,,,,,,,20960,19807,19928,20553,21518,19706,18208,17310,19643,18626,16742,16971,17081,17958,16454,15715,15724,14720,12941,11865,10117,9466.3,,,
Pre-demographic dividend,PRE,"Railways, passengers carried (million passenger-km)",IS.RRS.PASG.KM,,,,,,,,,,,,,,,,,,,,,,,,,,,,,,,,,,,,,,,,,,,,,,,,,,,,,,,,,,,,
Puerto Rico,PRI,"Railways, passengers carried (million passenger-km)",IS.RRS.PASG.KM,,,,,,,,,,,,,,,,,,,,,,,,,,,,,,,,,,,,,,,,,,,,,,,,,,,,,,,,,,,,
"Korea, Dem. People’s Rep.",PRK,"Railways, passengers carried (million passenger-km)",IS.RRS.PASG.KM,,,,,,,,,,,,,,,,,,,,,,,,,,,,,,,,,,,,,,,,,,,,,,,,,,,,,,,,,,,,
Portugal,PRT,"Railways, passengers carried (million passenger-km)",IS.RRS.PASG.KM,,,,,,,,,,,,,,,,,,,,,,,,,,,,,,,,,,,,4809,4502,4563,4602,4329,3632,3692,3683,3339,3415,3412,3514.45,3677.527,3814.102,3766.027,3983.338918,3750,3442.91,3310.668,3518.813,3624.903,3802.76,4032.713,,
Paraguay,PRY,"Railways, passengers carried (million passenger-km)",IS.RRS.PASG.KM,,,,,,,,,,,,,,,,,,,,,,,,,,,,,,,,,,,,3,3,,,,,,,,,,,,,,,,,,,,,,,
West Bank and Gaza,PSE,"Railways, passengers carried (million passenger-km)",IS.RRS.PASG.KM,,,,,,,,,,,,,,,,,,,,,,,,,,,,,,,,,,,,,,,,,,,,,,,,,,,,,,,,,,,,
Pacific island small states,PSS,"Railways, passengers carried (million passenger-km)",IS.RRS.PASG.KM,,,,,,,,,,,,,,,,,,,,,,,,,,,,,,,,,,,,,,,,,,,,,,,,,,,,,,,,,,,,
Post-demographic dividend,PST,"Railways, passengers carried (million passenger-km)",IS.RRS.PASG.KM,,,,,,,,,,,,,,,,,,,,,,,,,,,,,,,,,,,,6221.5,6411,6814,6997.1283,7141.5,7159,7387,7088.5,6976,6956.5,6860,6905,6661,7156,7038,6774,7288,7942,7961,7796,7117,6339,9072,6215.3,
French Polynesia,PYF,"Railways, passengers carried (million passenger-km)",IS.RRS.PASG.KM,,,,,,,,,,,,,,,,,,,,,,,,,,,,,,,,,,,,,,,,,,,,,,,,,,,,,,,,,,,,
Qatar,QAT,"Railways, passengers carried (million passenger-km)",IS.RRS.PASG.KM,,,,,,,,,,,,,,,,,,,,,,,,,,,,,,,,,,,,,,,,,,,,,,,,,,,,,,,,,,,,
Romania,ROU,"Railways, passengers carried (million passenger-km)",IS.RRS.PASG.KM,,,,,,,,,,,,,,,,,,,,,,,,,,,,,,,,,,,,18879,18356,15794,13422,12304,11632,10965,8502,8497,,7960,8049,7420.2,6879.669175,5975,5248,4814,4148,3988,4976.624,4911.172,4731.962,5365.914,,
Russian Federation,RUS,"Railways, passengers carried (million passenger-km)",IS.RRS.PASG.KM,,,,,,,,,,,,,,,,,,,,,,,,,,,,,,,,,,,,192217,181213,170318,125625,141042,167054,157901,152900,157100,150800,170900,177639,173411,175871,153575,139028,139842,144612,138517,223420,206513,124461,122920,129370.701,
Rwanda,RWA,"Railways, passengers carried (million passenger-km)",IS.RRS.PASG.KM,,,,,,,,,,,,,,,,,,,,,,,,,,,,,,,,,,,,,,,,,,,,,,,,,,,,,,,,,,,,
South Asia,SAS,"Railways, passengers carried (million passenger-km)",IS.RRS.PASG.KM,,,,,,,,,,,,,,,,,,,,,,,,,,,,,,,,,,,,10796,11329.5,11433.8,11314.75,11329.15,11217.85,11899.1,12430.5,13282,13863.5,14297.8,,15606.5,24731,,,14335.5,8787,8253,19779,14499.5,21201,,,
Saudi Arabia,SAU,"Railways, passengers carried (million passenger-km)",IS.RRS.PASG.KM,,,,,,,,,,,,,,,,,,,,,,,,,,,,,,,,,,,,164,181,213,219,267,288,257,239,293,364,399,369,344,337,,297.072,,,,,,,49.67,134.65,
Sudan,SDN,"Railways, passengers carried (million passenger-km)",IS.RRS.PASG.KM,,,,,,,,,,,,,,,,,,,,,,,,,,,,,,,,,,,,,185,142,124,129,205,90,73,52,32,40,34,,,,25,13,,7.2,81.5,,,,,
Senegal,SEN,"Railways, passengers carried (million passenger-km)",IS.RRS.PASG.KM,,,,,,,,,,,,,,,,,,,,,,,,,,,,,,,,,,,,174,103,78,63,71,138,136,136,137,138,134,129,,,,,,,,,,,,,
Singapore,SGP,"Railways, passengers carried (million passenger-km)",IS.RRS.PASG.KM,,,,,,,,,,,,,,,,,,,,,,,,,,,,,,,,,,,,,,,,,,,,,,,,,,,,,,,,,,,,
Solomon Islands,SLB,"Railways, passengers carried (million passenger-km)",IS.RRS.PASG.KM,,,,,,,,,,,,,,,,,,,,,,,,,,,,,,,,,,,,,,,,,,,,,,,,,,,,,,,,,,,,
Sierra Leone,SLE,"Railways, passengers carried (million passenger-km)",IS.RRS.PASG.KM,,,,,,,,,,,,,,,,,,,,,,,,,,,,,,,,,,,,,,,,,,,,,,,,,,,,,,,,,,,,
El Salvador,SLV,"Railways, passengers carried (million passenger-km)",IS.RRS.PASG.KM,,,,,,,,,,,,,,,,,,,,,,,,,,,,,,,,,,,,4.5,4.5,,,,,,,,,,,,,,,,,,,,,,,
San Marino,SMR,"Railways, passengers carried (million passenger-km)",IS.RRS.PASG.KM,,,,,,,,,,,,,,,,,,,,,,,,,,,,,,,,,,,,,,,,,,,,,,,,,,,,,,,,,,,,
Somalia,SOM,"Railways, passengers carried (million passenger-km)",IS.RRS.PASG.KM,,,,,,,,,,,,,,,,,,,,,,,,,,,,,,,,,,,,,,,,,,,,,,,,,,,,,,,,,,,,
Serbia,SRB,"Railways, passengers carried (million passenger-km)",IS.RRS.PASG.KM,,,,,,,,,,,,,,,,,,,,,,,,,,,,,,,,,,,,,,,,,,,,904,985,852,846,762,648,582,561,590,700,777,617,,439,377,,
Sub-Saharan Africa (excluding high income),SSA,"Railways, passengers carried (million passenger-km)",IS.RRS.PASG.KM,,,,,,,,,,,,,,,,,,,,,,,,,,,,,,,,,,,,,,,,,,,,,,,,,,,,,,,,,,,,
South Sudan,SSD,"Railways, passengers carried (million passenger-km)",IS.RRS.PASG.KM,,,,,,,,,,,,,,,,,,,,,,,,,,,,,,,,,,,,,,,,,,,,,,,,,,,,,,,,,,,,
Sub-Saharan Africa,SSF,"Railways, passengers carried (million passenger-km)",IS.RRS.PASG.KM,,,,,,,,,,,,,,,,,,,,,,,,,,,,,,,,,,,,,,,,,,,,,,,,,,,,,,,,,,,,
Small states,SST,"Railways, passengers carried (million passenger-km)",IS.RRS.PASG.KM,,,,,,,,,,,,,,,,,,,,,,,,,,,,,,,,,,,,,,,,,,,,,,,,,,,,,,,,,,,,
Sao Tome and Principe,STP,"Railways, passengers carried (million passenger-km)",IS.RRS.PASG.KM,,,,,,,,,,,,,,,,,,,,,,,,,,,,,,,,,,,,,,,,,,,,,,,,,,,,,,,,,,,,
Suriname,SUR,"Railways, passengers carried (million passenger-km)",IS.RRS.PASG.KM,,,,,,,,,,,,,,,,,,,,,,,,,,,,,,,,,,,,,,,,,,,,,,,,,,,,,,,,,,,,
Slovak Republic,SVK,"Railways, passengers carried (million passenger-km)",IS.RRS.PASG.KM,,,,,,,,,,,,,,,,,,,,,,,,,,,,,,,,,,,,4202,3769,3095,3116,2968,2870,2805,2682,2316,2227,2166,2194,2148,2278.659318,2249.069046,2291.229894,2412.886891,2413.486477,2421.953036,2503.13,3081.247,3193.722,3759.924,3815.147,
Slovenia,SVN,"Railways, passengers carried (million passenger-km)",IS.RRS.PASG.KM,,,,,,,,,,,,,,,,,,,,,,,,,,,,,,,,,,,,595,613,616,645,623,705,715,749,777,764,777,793,812,834.09,840.1,813.3,773.2,741.7,760.3,696.7,709.3,680.097787,650.097776,655.88,
Sweden,SWE,"Railways, passengers carried (million passenger-km)",IS.RRS.PASG.KM,,,,,,,,,,,,,,,,,,,,,,,,,,,,,,,,,,,,6219,6218,6814,6997.1283,7434.212,6019,5614,6629,5290,5100,5673,6160,6467,7156,7038,6774,6431,6365,6006,6132,6292,6339,,,
Eswatini,SWZ,"Railways, passengers carried (million passenger-km)",IS.RRS.PASG.KM,,,,,,,,,,,,,,,,,,,,,,,,,,,,,,,,,,,,,,,,,,,,,,,,0.5,0.4,0.221,0.128,0.068,,,,,,,,
Sint Maarten (Dutch part),SXM,"Railways, passengers carried (million passenger-km)",IS.RRS.PASG.KM,,,,,,,,,,,,,,,,,,,,,,,,,,,,,,,,,,,,,,,,,,,,,,,,,,,,,,,,,,,,
Seychelles,SYC,"Railways, passengers carried (million passenger-km)",IS.RRS.PASG.KM,,,,,,,,,,,,,,,,,,,,,,,,,,,,,,,,,,,,,,,,,,,,,,,,,,,,,,,,,,,,
Syrian Arab Republic,SYR,"Railways, passengers carried (million passenger-km)",IS.RRS.PASG.KM,,,,,,,,,,,,,,,,,,,,,,,,,,,,,,,,,,,,492,452,292,182,187,196,304,364.6,527.7,527.23,571.23,658,744.177,1120.021,,1857.435,,,1223,,,,,,
Turks and Caicos Islands,TCA,"Railways, passengers carried (million passenger-km)",IS.RRS.PASG.KM,,,,,,,,,,,,,,,,,,,,,,,,,,,,,,,,,,,,,,,,,,,,,,,,,,,,,,,,,,,,
Chad,TCD,"Railways, passengers carried (million passenger-km)",IS.RRS.PASG.KM,,,,,,,,,,,,,,,,,,,,,,,,,,,,,,,,,,,,,,,,,,,,,,,,,,,,,,,,,,,,
East Asia & Pacific (IDA & IBRD countries),TEA,"Railways, passengers carried (million passenger-km)",IS.RRS.PASG.KM,,,,,,,,,,,,,,,,,,,,,,,,,,,,,,,,,,,,1701.5,1923,1964.5,1969.5,2018.5,3200,3697,4115,4041,4163,6876.5,,6348,,,6282.5,6301.5,,,,3142.751,2820.4811,,,
Europe & Central Asia (IDA & IBRD countries),TEC,"Railways, passengers carried (million passenger-km)",IS.RRS.PASG.KM,,,,,,,,,,,,,,,,,,,,,,,,,,,,,,,,,,,,1447.5,1529,969.5,788.5,822,969.5,1179,1118,1039,1099,1639,1362,1590.5,1747.5,1780,1776.5,1811,1811,2800.46,1811,2326,1147,745,,
Togo,TGO,"Railways, passengers carried (million passenger-km)",IS.RRS.PASG.KM,,,,,,,,,,,,,,,,,,,,,,,,,,,,,,,,,,,,,,,,,,,,,,,,,,,,,,,,,,,,
Thailand,THA,"Railways, passengers carried (million passenger-km)",IS.RRS.PASG.KM,,,,,,,,,,,,,,,,,,,,,,,,,,,,,,,,,,,,12975,12205,11804,10947,9894,9935,10321,10378,10251,9195,9195,,8037,,,8187,8032,,,,,,,,
Tajikistan,TJK,"Railways, passengers carried (million passenger-km)",IS.RRS.PASG.KM,,,,,,,,,,,,,,,,,,,,,,,,,,,,,,,,,,,,122,92,150,142,82,73,33,41.6,50,50,,52.38,53,,45,32.8,31.5,24,,18,16,18.4,28,,
Turkmenistan,TKM,"Railways, passengers carried (million passenger-km)",IS.RRS.PASG.KM,,,,,,,,,,,,,,,,,,,,,,,,,,,,,,,,,,,,1876,2104,958,571,701,943,1118,1118,,1286,,1435,1570,1685,1725,1811,1811,1811,,1811,2326,2336,2340,,
Latin America & the Caribbean (IDA & IBRD countries),TLA,"Railways, passengers carried (million passenger-km)",IS.RRS.PASG.KM,,,,,,,,,,,,,,,,,,,,,,,,,,,,,,,,,,,,,,,,,,,,,,,,,,,,,,,,,,,,
Timor-Leste,TLS,"Railways, passengers carried (million passenger-km)",IS.RRS.PASG.KM,,,,,,,,,,,,,,,,,,,,,,,,,,,,,,,,,,,,,,,,,,,,,,,,,,,,,,,,,,,,
Middle East & North Africa (IDA & IBRD countries),TMN,"Railways, passengers carried (million passenger-km)",IS.RRS.PASG.KM,,,,,,,,,,,,,,,,,,,,,,,,,,,,,,,,,,,,1797,1776,1360,1163,1192,1257,1281,1109.434,1103,1122,1123,1407,,1306.5105,,1534,,,,,,,,,
Tonga,TON,"Railways, passengers carried (million passenger-km)",IS.RRS.PASG.KM,,,,,,,,,,,,,,,,,,,,,,,,,,,,,,,,,,,,,,,,,,,,,,,,,,,,,,,,,,,,
South Asia (IDA & IBRD),TSA,"Railways, passengers carried (million passenger-km)",IS.RRS.PASG.KM,,,,,,,,,,,,,,,,,,,,,,,,,,,,,,,,,,,,10796,11329.5,11433.8,11314.75,11329.15,11217.85,11899.1,12430.5,13282,13863.5,14297.8,,15606.5,24731,,,14335.5,8787,8253,19779,14499.5,21201,,,
Sub-Saharan Africa (IDA & IBRD countries),TSS,"Railways, passengers carried (million passenger-km)",IS.RRS.PASG.KM,,,,,,,,,,,,,,,,,,,,,,,,,,,,,,,,,,,,,,,,,,,,,,,,,,,,,,,,,,,,
Trinidad and Tobago,TTO,"Railways, passengers carried (million passenger-km)",IS.RRS.PASG.KM,,,,,,,,,,,,,,,,,,,,,,,,,,,,,,,,,,,,,,,,,,,,,,,,,,,,,,,,,,,,
Tunisia,TUN,"Railways, passengers carried (million passenger-km)",IS.RRS.PASG.KM,,,,,,,,,,,,,,,,,,,,,,,,,,,,,,,,,,,,996,988,1096,1136,1192,1257,1281,1264,1242,1294,1317,1407,1487,1493,,1534,1113.6,,,1298,1246,1235,1164,,
Turkey,TUR,"Railways, passengers carried (million passenger-km)",IS.RRS.PASG.KM,,,,,,,,,,,,,,,,,,,,,,,,,,,,,,,,,,,,5797,5229,5840,6160,6146,5832,5568,5204,5878,5163,5036,5277,5553,5097,5374,5491,5882,4598,3775,4393,4828,4325,4566,5560,
Tuvalu,TUV,"Railways, passengers carried (million passenger-km)",IS.RRS.PASG.KM,,,,,,,,,,,,,,,,,,,,,,,,,,,,,,,,,,,,,,,,,,,,,,,,,,,,,,,,,,,,
Tanzania,TZA,"Railways, passengers carried (million passenger-km)",IS.RRS.PASG.KM,,,,,,,,,,,,,,,,,,,,,,,,,,,,,,,,,,,,1383,1086,883,244,853,428,911,445,444,433,433,475,,,,,,,,,,,,,
Uganda,UGA,"Railways, passengers carried (million passenger-km)",IS.RRS.PASG.KM,,,,,,,,,,,,,,,,,,,,,,,,,,,,,,,,,,,,,,,,,,,,,,,,,,,,,,,,,,,,
Ukraine,UKR,"Railways, passengers carried (million passenger-km)",IS.RRS.PASG.KM,,,,,,,,,,,,,,,,,,,,,,,,,,,,,,,,,,,,63752,59079,54540,49938,47600,51767,49661,50544,52558,51726,52655,53230,53089,53056,48327,50240,50569,49203,48876,37065,37577,37360,28001,,
Upper middle income,UMC,"Railways, passengers carried (million passenger-km)",IS.RRS.PASG.KM,,,,,,,,,,,,,,,,,,,,,,,,,,,,,,,,,,,,2032.1,1965,1492,1573.7,1407.4,1536.5,1181,1126,1485,1001,991,1098.75,2308,,,,,,,,,,,,
Uruguay,URY,"Railways, passengers carried (million passenger-km)",IS.RRS.PASG.KM,,,,,,,,,,,,,,,,,,,,,,,,,,,,,,,,,,,,,,,,10,9,9,8,11,11,12,17,15,,,,,,,8,8,,,,
United States,USA,"Railways, passengers carried (million passenger-km)",IS.RRS.PASG.KM,,,,,,,,,,,,,,,,,,,,,,,,,,,,,,,,,,,,8692,8153,8314,8569,8511,8970,8965,8552,9141,8869,8660,8706,9308.594,9943.07,9517.555,10331.31,10570,10950,10960,10740.5585,10518.6946,10492,10659.8,10239.3922,
Uzbekistan,UZB,"Railways, passengers carried (million passenger-km)",IS.RRS.PASG.KM,,,,,,,,,,,,,,,,,,,,,,,,,,,,,,,,,,,,2498,2029,2186,2189,1898,2163,2163,,,2012,2012,2339.3,2264,2477,2632,2905,3025,3437.8,,3760,3758,3934,4294,,
St. Vincent and the Grenadines,VCT,"Railways, passengers carried (million passenger-km)",IS.RRS.PASG.KM,,,,,,,,,,,,,,,,,,,,,,,,,,,,,,,,,,,,,,,,,,,,,,,,,,,,,,,,,,,,
"Venezuela, RB",VEN,"Railways, passengers carried (million passenger-km)",IS.RRS.PASG.KM,,,,,,,,,,,,,,,,,,,,,,,,,,,,,,,,,,,,12,,,,,,,,,,,,,,,,,,,,,,,,
British Virgin Islands,VGB,"Railways, passengers carried (million passenger-km)",IS.RRS.PASG.KM,,,,,,,,,,,,,,,,,,,,,,,,,,,,,,,,,,,,,,,,,,,,,,,,,,,,,,,,,,,,
Virgin Islands (U.S.),VIR,"Railways, passengers carried (million passenger-km)",IS.RRS.PASG.KM,,,,,,,,,,,,,,,,,,,,,,,,,,,,,,,,,,,,,,,,,,,,,,,,,,,,,,,,,,,,
Vietnam,VNM,"Railways, passengers carried (million passenger-km)",IS.RRS.PASG.KM,,,,,,,,,,,,,,,,,,,,,,,,,,,,,,,,,,,,2133,2476,2437,2542,2721,3200,3697,3426,4041,4376,4558,4334.9,4659,4492,4138,4378,4571,4558,4548,4252.58,4233.88,3416,3657,3542,
Vanuatu,VUT,"Railways, passengers carried (million passenger-km)",IS.RRS.PASG.KM,,,,,,,,,,,,,,,,,,,,,,,,,,,,,,,,,,,,,,,,,,,,,,,,,,,,,,,,,,,,
World,WLD,"Railways, passengers carried (million passenger-km)",IS.RRS.PASG.KM,,,,,,,,,,,,,,,,,,,,,,,,,,,,,,,,,,,,1568,1435.5,1404.65,1409,1478.4,1853,1747,1654.7,1587.5,1713.75,2159,,2264,,,,,,,,,,,,
Samoa,WSM,"Railways, passengers carried (million passenger-km)",IS.RRS.PASG.KM,,,,,,,,,,,,,,,,,,,,,,,,,,,,,,,,,,,,,,,,,,,,,,,,,,,,,,,,,,,,
Kosovo,XKX,"Railways, passengers carried (million passenger-km)",IS.RRS.PASG.KM,,,,,,,,,,,,,,,,,,,,,,,,,,,,,,,,,,,,,,,,,,,,,,,,,,,,,,,,,,,,
"Yemen, Rep.",YEM,"Railways, passengers carried (million passenger-km)",IS.RRS.PASG.KM,,,,,,,,,,,,,,,,,,,,,,,,,,,,,,,,,,,,,,,,,,,,,,,,,,,,,,,,,,,,
South Africa,ZAF,"Railways, passengers carried (million passenger-km)",IS.RRS.PASG.KM,,,,,,,,,,,,,,,,,,,,,,,,,,,,,,,,,,,,10243,10978,12551,12728,11564,11890,13023,1126,996,1001,991,,13864.97958,,,,,,,,,,,,
Zambia,ZMB,"Railways, passengers carried (million passenger-km)",IS.RRS.PASG.KM,,,,,,,,,,,,,,,,,,,,,,,,,,,,,,,,,,,,,280,236,183,186,,,,,,,,,,,,,,,,,,,,
Zimbabwe,ZWE,"Railways, passengers carried (million passenger-km)",IS.RRS.PASG.KM,,,,,,,,,,,,,,,,,,,,,,,,,,,,,,,,,,,,,,,,,,,,,,,,,,,,,,,,,,,,